,question,answer
0,внарушение контракта,(раздельно)
1,подслащнный,ё
2,невзвалив,(раздельно)
3,быстробыстро,(дефис)
4,подетски,(дефис)
5,он ошибся вследстви волнения,е
6,прочитнный,а
7,клонящеся солнце,е
8,видщий,я
9,купаться нагишм,о
10,прорешайка,(дефис)
11,изванный,я
12,заяцто убежал,(дефис)
13,звёздыто как сияют,(дефис)
14,тесо,н
15,совершамый,е
16,"нескучно, а интересно",(раздельно)
17,доверительн,о
18,замечательо,н
19,комментирумое,е
20,бубубу,(дефис)
21,ему невдомёк,(слитно)
22,насух,о
23,комната непроветрена,(раздельно)
24,сильо,н
25,всего лиш мальчик,ь
26,что-то вроде кино,(слитно)
27,нгде не видно,и
28,"скажи мне тоже, что и говорил",(раздельно)
29,значщий,а
30,налев,о
31,стоить недёшево,(слитно)
32,баюбай,(дефис)
33,ему невтерпёж,(ничего)
34,эхма,(дефис)
35,картавщий,я
36,приезжай вслед за мной,(слитно)
37,нужно чемто заняться,(дефис)
38,связа с учёбой,н
39,до сих пор несвязанная шаль,(раздельно)
40,нчуть не грустно,и
41,потушнный свет,е
42,сварн,е
43,внутри трамвая,(слитно)
44,воттебераз,(раздельно)
45,опустить наземь,(слитно)
46,обратиться поповоду доклада,(раздельно)
47,отстанька,(дефис)
48,вливающяся река,а
49,изванный,я
50,постираые вещи,нн
51,испорчнный,е
52,негреющее солнце,(слитно)
53,страницы неизмяты,(раздельно)
54,отражнный,ё
55,обедневшя компания,а
56,в продолжени дороги я молчал,е
57,никого неудивляющий факт,(раздельно)
58,поговорить насчёт репетиции,(слитно)
59,засушн,е
60,изучамый,е
61,выглажнный,е
62,всилу обстоятельств,(раздельно)
63,покрывамые,е
64,согласумое,е
65,недоставленное письмо,(слитно)
66,занятьсято мне нечем,(дефис)
67,одеващаяся,ю
68,"неправильно, а с ошибкой",(раздельно)
69,крайне недружелюбно,(слитно)
70,делать нерадиво,(слитно)
71,деньто был интересный,(дефис)
72,выдать замуж,(ничего)
73,яйца всмятку,(слитно)
74,в колеблющмся штате,е
75,вначале века,(раздельно)
76,бежать вовсю,(слитно)
77,в продолжени недели мне нездоровилось,е
78,усенный,я
79,в тоже время,(раздельно)
80,снимика,(дефис)
81,сочувствующ,е
82,высушнный,е
83,"нехолодно, а жарко",(раздельно)
84,в течени опасного путешествия,е
85,отменить поход ввиду грозы,(слитно)
86,искусствео,нн
87,смотрщий,я
88,утюг выключе,н
89,покитайски,(дефис)
90,непроверив,(раздельно)
91,компьютер сломался вследстви перегрева,е
92,что-то вроде домика,(слитно)
93,вливающяся река,а
94,приезжай вслед за мной,(слитно)
95,стать друзьями навек,(слитно)
96,лечщий,а
97,научнный,е
98,смотрщий,я
99,сейчасто уж не успеешь,(дефис)
100,вследстви бурана я остался дома,е
101,взлеленный,я
102,уж поверьте,(ничего)
103,выращнный,е
104,непообедав,(раздельно)
105,выставлять напоказ,(слитно)
106,нестись вскач,ь
107,сразуто мне не понять,(дефис)
108,негреющее солнце,(слитно)
109,помолочика,(дефис)
110,отнюдь неинтересно,(раздельно)
111,несоздав,(раздельно)
112,охохо,(дефис)
113,развивамый,е
114,заяцто убежал,(дефис)
115,вчетвёртых,(дефис)
116,бросащийся,ю
117,ойли,(раздельно)
118,"чтобы ни спросили, молчи",(раздельно)
119,говорить напрямую,(слитно)
120,облечнный властью,ё
121,утюг выключе,н
122,валящгося дерева,е
123,невозмутимый тон,(слитно)
124,говорить напрямую,(слитно)
125,совершенно несерьёзно,(слитно)
126,я тоже хочу на море,(слитно)
127,постмотреть страо,нн
128,попасть впросак,(слитно)
129,"город также красив, как и всегда",(раздельно)
130,нестись вскачь,(слитно)
131,изучамый,е
132,насух,о
133,нкак не ожидал,и
134,нзачем шутить,е
135,никого неудивляющий факт,(раздельно)
136,одежда ещё несшита,(раздельно)
137,несмотря на чувства,(слитно)
138,усенный,я
139,крестнакрест,(дефис)
140,влево от дороги,(слитно)
141,ойли,(раздельно)
142,полщий сорняки,ю
143,попасть впросак,(слитно)
144,изречнный,ё
145,упражнящийся,ю
146,потрачнный,е
147,сейчасто уж не успеешь,(дефис)
148,потушнный свет,е
149,нкуда деваться,е
150,увидеть в продолжени сериала,и
151,осчастливлеый отец,нн
152,спалить дотла,(слитно)
153,озадачнный,е
154,ввиде звёздочки,(раздельно)
155,морожеая на зиму рыба,нн
156,манящ,е
157,ремонтирумый,е
158,матч был отменён вследстви грозы,е
159,крякать поутиному,(дефис)
160,грязо,н
161,"нескучно, а интересно",(раздельно)
162,уважамый,е
163,вцелях привлечения внимания,(раздельно)
164,лишнный,ё
165,эгеге,(дефис)
166,рубить сплеча,(слитно)
167,заходите поодному,(раздельно)
168,никем невыученное правило,(раздельно)
169,страницы неизмяты,(раздельно)
170,отвечать поразному,(дефис)
171,крякать поутиному,(дефис)
172,предмет исследова,н
173,изванный,я
174,дзыньдзынь,(дефис)
175,совремео,нн
176,купить задаром,(слитно)
177,прочитнный,а
178,ему невтерпёж,(ничего)
179,предмет исследова,н
180,врезать наотмаш,ь
181,отдыхать в течени двух недель,е
182,квашеая бабушкой капуста,нн
183,"город также красив, как и всегда",(раздельно)
184,заискивающ,е
185,сообщение оставлео,н
186,посмотрика,(дефис)
187,негреющее солнце,(слитно)
188,немедля с ответом,(раздельно)
189,омывамый,е
190,яйца всмятку,(слитно)
191,адресовнный,а
192,в чёмто он был не прав,(дефис)
193,непросохшая после дождя земля,(раздельно)
194,гулять неторопливо,(слитно)
195,подслащнный,ё
196,вдохновео,нн
197,никем недоказанные факты,(раздельно)
198,развивамый,е
199,"неверящий, а сомневающийся",(раздельно)
200,наглух,о
201,измучнный,е
202,издалек,а
203,лиш одно сомнение,ь
204,незабывамый,е
205,ноткуда нет новостей,и
206,неустремившись,(раздельно)
207,пламео,нн
208,наклейтека,(дефис)
209,блокирующм потоком,и
210,телефонто не звонил,(дефис)
211,"сделай также, как твой сосед",(раздельно)
212,"неглупо, а умно",(раздельно)
213,точь-в-точ,ь
214,изречнный,ё
215,"чтобы ты ни делал, не бойся",(раздельно)
216,поучиська,(дефис)
217,влево от дороги,(раздельно)
218,вцелях привлечения внимания,(слитно)
219,посредством перевода,(слитно)
220,вместо учителя,(слитно)
221,обижамый,е
222,они кудато уехали,(дефис)
223,необозначенное на карте озеро,(раздельно)
224,покитайски,(дефис)
225,подружески,(дефис)
226,вовремя отпуска,(раздельно)
227,отрешёо смотреть,нн
228,дада,(дефис)
229,обижащийся,ю
230,ввек не разобраться,(слитно)
231,поотечески,(дефис)
232,полечиська,(дефис)
233,"неправильно, а с ошибкой",(раздельно)
234,собираться впопыхах,(слитно)
235,непроверив,(раздельно)
236,пропустить урок ввиду болезни,(слитно)
237,подружески,(дефис)
238,поармянски,(дефис)
239,поближ,е
240,обвинять беспереч,ь
241,внарушение контракта,(слитно)
242,делать беспереч,ь
243,движмый,и
244,Дождя также не ожидается.,(слитно)
245,научнный,е
246,встать нацыпочки,(раздельно)
247,тренироваться в течени полугода,е
248,я тоже это не сделал,(слитно)
249,ему пришлось несладко,(слитно)
250,взять безведома,(раздельно)
251,совершамый,е
252,рассмотрнный,е
253,написаое сочинение,нн
254,неглядя,(раздельно)
255,неубив медведя,(раздельно)
256,"использовать тоже название, что у них",(раздельно)
257,точь-в-точ,ь
258,попредъявлении паспорта,(раздельно)
259,незанавешенные окна,(слитно)
260,голышм,о
261,он ошибся вследстви волнения,е
262,незакончившееся вовремя собрание,(раздельно)
263,сразуто мне не понять,(дефис)
264,заяцто убежал,(раздельно)
265,поставлнный,е
266,изначальн,о
267,замышлямый,е
268,бибип,(дефис)
269,подружески,(дефис)
270,поокончании года,(раздельно)
271,упражнящийся,ю
272,рекомендумый,е
273,всего лиш мальчик,ь
274,увлечнный,ё
275,гордящхся отцов,и
276,плетёый забор,н
277,кваква,(дефис)
278,сделать досрочн,о
279,усенный,я
280,слушать рассеяо,нн
281,предмет исследова,н
282,воизменение распоряжения,(раздельно)
283,вместето веселее,(дефис)
284,петь созвучн,о
285,телефонто не звонил,(дефис)
286,звенящ,е
287,прорешайка,(раздельно)
288,боящмуся щенку,е
289,нзачем обижаться,е
290,обувь невымыта,(раздельно)
291,спойка,(дефис)
292,нкогда учиться,е
293,насух,о
294,согласиться поневоле,(слитно)
295,тьфутьфу,(дефис)
296,яйца всмятку,(слитно)
297,лёгкуюто работу я сам сделаю,(дефис)
298,нестись вскачь,(слитно)
299,рисумый,е
300,нкак не ожидал,и
301,причёснный,а
302,случаи наподобие этого редки,(слитно)
303,вследстви жары озеро пересохло,е
304,начать сначал,а
305,сделано насовесть,(раздельно)
306,втретьих,(дефис)
307,ойли,(дефис)
308,освещнный,ё
309,незакончившееся вовремя собрание,(раздельно)
310,вяжщий,у
311,страницы неизмяты,(раздельно)
312,наклейтека,(дефис)
313,сверх моего терпения,(слитно)
314,истоплнный,е
315,клятва сдержаа,н
316,лащий,ю
317,закленный,е
318,нкуда не спешить,и
319,забор покраше,н
320,нескроив,(раздельно)
321,осуждающ,е
322,связа с учёбой,н
323,выехать поутру,(слитно)
324,пропустил уроки вследстви болезни,е
325,"неправильно, а с ошибкой",(раздельно)
326,втретьих,(дефис)
327,сейчасто уж не успеешь,(дефис)
328,попредъявлении паспорта,(раздельно)
329,перестанька,(дефис)
330,ненавидящ,е
331,тянуться извилист,о
332,в продолжени дороги я молчал,е
333,яйца всмятку,(слитно)
334,ожесточнный,ё
335,сделать вотместку,(раздельно)
336,случаи наподобие этого редки,(слитно)
337,вдвое меньше,(слитно)
338,блокирующм потоком,и
339,измучнный,ё
340,кормить наубой,(раздельно)
341,сидеть наверху,(слитно)
342,выполнямый,е
343,адаптировнный,а
344,забраться невысок,о
345,пустыо,нн
346,обманывать невыгодно,(слитно)
347,обтёснный,а
348,морковь выращеа,н
349,влев,о
350,потвоему мнению,(раздельно)
351,непользуясь льготами,(раздельно)
352,назавтр,а
353,наклейтека,(дефис)
354,заплатика,(дефис)
355,впишика,(дефис)
356,попредъявлении паспорта,(раздельно)
357,взять безспроса,(раздельно)
358,заморожнный,е
359,они кудато уехали,(дефис)
360,вязаый бабушкой шарф,нн
361,нахмурнный,е
362,непрояснившееся после бури небо,(раздельно)
363,"сделай также, как твой сосед",(раздельно)
364,неделая,(раздельно)
365,броситься наперехват беглецам,(слитно)
366,ударить наотмаш,ь
367,влево от дороги,(раздельно)
368,нырнуть вглубь,(слитно)
369,разбавлнный,е
370,потрачнный,е
371,необозначенное на карте озеро,(раздельно)
372,издавн,а
373,цокцок,(дефис)
374,стоять неустойчиво,(слитно)
375,ввиде звёздочки,(раздельно)
376,ничего непонимающий зверёк,(раздельно)
377,втрое меньше,(слитно)
378,не сегоднязавтра,(дефис)
379,вспомника,(дефис)
380,он ошибся вследстви волнения,е
381,поднимамый,е
382,ничуть недоверчиво,(раздельно)
383,непользуясь льготами,(раздельно)
384,значщий,а
385,крайне неспокойно,(слитно)
386,неповторяя,(раздельно)
387,сплош да рядом,ь
388,непрояснившееся после бури небо,(раздельно)
389,промокнуть вследстви дождя,е
390,замечательо,н
391,ничего непонимающий зверёк,(раздельно)
392,"нескучно, а интересно",(раздельно)
393,брошнный,е
394,врачи озабочеы,н
395,запутаые нитки,нн
396,мальчик напуга,н
397,сделать помоему,(дефис)
398,насторожнный,е
399,потвоему мнению,(раздельно)
400,удивлёо,нн
401,непререкаемый авторитет,(слитно)
402,посещёый спектакль,нн
403,гнетущ,е
404,никак некончающийся день,(раздельно)
405,написнный,а
406,посравнению с тобой,(раздельно)
407,вместо перемены,(слитно)
408,он тоже надел пальто,(слитно)
409,встать надыбы,(раздельно)
410,раздражнный,ё
411,начника,(дефис)
412,выставлять напоказ,(раздельно)
413,три дня кряду идёт дождь,(слитно)
414,попусту тратить время,(слитно)
415,постепео,нн
416,выстираая скатерть,нн
417,вдвое меньше,(слитно)
418,изначальн,о
419,негреющее солнце,(слитно)
420,ласкамый лучами,е
421,вцелях получения прибыли,(раздельно)
422,делать нерадиво,(слитно)
423,приехать издалека,(слитно)
424,белещих,ю
425,брошн,е
426,получамый,е
427,незамеченная учеником ошибка,(раздельно)
428,пугающ,е
429,негож так говорить,е
430,стоять внизу,(слитно)
431,бормотавшго старика,е
432,пенщиеся,я
433,успеть вовремя,(слитно)
434,неотдохнув,(раздельно)
435,движмый,и
436,точо,н
437,попасть впросак,(раздельно)
438,эхма,(раздельно)
439,станцуйка,(дефис)
440,понемецки,(дефис)
441,успеть вовремя,(слитно)
442,стать друзьями навек,(слитно)
443,"Допустить также, что ты не прав.",(слитно)
444,сено скошео,н
445,воизбежание проблем,(раздельно)
446,уважамый,е
447,нчего сказать,е
448,весьма небыстро,(слитно)
449,арендующми людьми,и
450,построн,е
451,громч,е
452,убаюкивающ,е
453,коекуда,(дефис)
454,полщий сорняки,ю
455,решёая задача,нн
456,ойли,(раздельно)
457,непререкаемый авторитет,(слитно)
458,неоглянувшись,(раздельно)
459,нужно быть начеку,(слитно)
460,сочувствующ,е
461,стелщийся,ю
462,ничегото ты не понял,(дефис)
463,непросохшая после дождя земля,(раздельно)
464,зашейтека,(дефис)
465,"всё также льёт дождь, как вчера",(раздельно)
466,выталкивамый,е
467,выговор попричине опоздания,(раздельно)
468,невыученный урок,(слитно)
469,нужно чемто заняться,(раздельно)
470,морожеая на зиму рыба,нн
471,письмо нераспечатано,(раздельно)
472,истоплнный,е
473,крайне неспокойно,(слитно)
474,накалить докрасн,а
475,в чёмто он был не прав,(дефис)
476,мальчик напуга,н
477,броситься наперерез,(слитно)
478,"сыграй тоже, что и он",(раздельно)
479,ввек не разобраться,(слитно)
480,писать в течени нескольких часов,е
481,освещнный,ё
482,смотреть недоумевающе,(слитно)
483,быстробыстро,(дефис)
484,даое решение,нн
485,стрижеый пудель,н
486,продиктовнный,а
487,"невызубренные, а понятые правила",(раздельно)
488,ласкамый лучами,е
489,сделать неплохо,(слитно)
490,эгеге,(дефис)
491,ободрямый,е
492,видщий,е
493,неделая,(раздельно)
494,эхма,(дефис)
495,громч,е
496,разделить надвое,(слитно)
497,унижнный,е
498,ноткуда не известно,и
499,напротяжении многих лет,(раздельно)
500,арендующми людьми,и
501,держала тоже самое одеяло,(раздельно)
502,несделанное вовремя дело,(раздельно)
503,делать беспереч,ь
504,подобрупоздорову,(дефис)
505,очень неаккуратно,(слитно)
506,всё попрежнему,(дефис)
507,внутри трамвая,(слитно)
508,окно занавешео,н
509,делать беспереч,ь
510,не говорить в продолжени дня,е
511,строщий,я
512,недоставленное письмо,(слитно)
513,кидать наотмаш,ь
514,дело сделао,н
515,похож,е
516,заплетёая коса,нн
517,нгде искупаться,е
518,осторожен сверх меры,(слитно)
519,непоблагодарив,(раздельно)
520,хохохо,(дефис)
521,движмый,и
522,плетёый забор,н
523,лёгкуюто работу я сам сделаю,(дефис)
524,делиться побратски,(дефис)
525,пустыо,нн
526,упасть навзнич,ь
527,убаюкивающ,е
528,сделать неплохо,(слитно)
529,выткаое золотом полотно,нн
530,смотреть угрюм,о
531,произойти неизбежно,(слитно)
532,буравящму взгляду,е
533,лететь вскач,ь
534,гнетущ,е
535,непрояснившееся после бури небо,(раздельно)
536,колщий,ю
537,эгеге,(раздельно)
538,квалифицироваый рабочий,нн
539,жалобо,н
540,выглажнный,ё
541,отнюдь неправильно,(раздельно)
542,швырнуть наотмаш,ь
543,потернный,я
544,обманывать невыгодно,(слитно)
545,озвучнный,е
546,"хочу, чтобы было лето",(слитно)
547,никем неусвоенное правило,(раздельно)
548,доверительн,о
549,особео,нн
550,нерассмеявшись,(раздельно)
551,мясо заморожео,н
552,както это неправильно,(дефис)
553,мощеая брусчаткой улица,нн
554,осторожен сверх меры,(слитно)
555,решёая задача,нн
556,облечнный властью,ё
557,лучш,е
558,смотреть предао,нн
559,сожжнная,ё
560,вместо перемены,(слитно)
561,приучика,(дефис)
562,приглашамый,е
563,развенный,я
564,вдвое меньше,(слитно)
565,куку,(дефис)
566,иш какой шустрый,ь
567,упасть навзнич,ь
568,неработая,(раздельно)
569,неумывшись,(раздельно)
570,давнымдавно,(дефис)
571,всё попрежнему,(дефис)
572,попрошествии лет,(раздельно)
573,беседующю девочку,у
574,стрижеый пудель,н
575,разрешить проблему похорошему,(дефис)
576,смотреть зачаровао,нн
577,егото я и хотел спросить,(дефис)
578,далекодалеко,(дефис)
579,ненаучившись,(раздельно)
580,в пухипрах,(раздельно)
581,завтракающе родители,и
582,порусски,(дефис)
583,спокойн спать,о
584,посравнению с тобой,(раздельно)
585,взглянуть насторожео,нн
586,вредо,н
587,продиктовнный,а
588,Мне тоже купили платье.,(слитно)
589,прорешайка,(раздельно)
590,ноткуда не известно,и
591,связа с учёбой,н
592,делать беспереч,ь
593,далеко невесело,(раздельно)
594,попрежнему пути,(раздельно)
595,непререкаемый авторитет,(слитно)
596,неизданный при жизни роман,(раздельно)
597,это вдвойне приятно,(слитно)
598,в доме неуютно,(слитно)
599,вместето веселее,(дефис)
600,он тоже из дворянской семьи,(слитно)
601,утром натощак,(слитно)
602,окрашнный,е
603,рассказывать неинтересно,(слитно)
604,нкогда помечтать,е
605,выстираая скатерть,нн
606,комбинирующми цветами,и
607,вымыть дочиста,(слитно)
608,вяжщий,у
609,посредством перевода,(слитно)
610,расти непрерывно,(слитно)
611,никак некончающийся день,(раздельно)
612,лиш одно сомнение,ь
613,смотрщий,я
614,хотеть выйти замуж,(ничего)
615,повсюду виднеются цветы,(слитно)
616,весьма небыстро,(слитно)
617,нескошенная трава,(слитно)
618,выходить замуж,(ничего)
619,отнюдь неправильно,(раздельно)
620,кукареку,(дефис)
621,слушать рассеяо,нн
622,сердит крикнуть,о
623,ставни затвореы,н
624,нкогда не забывать,и
625,пылать багряо,н
626,"ушёл, непрощаясь",(раздельно)
627,нырнуть неглубоко,(слитно)
628,в пухипрах,(раздельно)
629,взглянуть насторожео,нн
630,лучш,е
631,в пухипрах,(раздельно)
632,рекомендумый,е
633,прционный,о
634,жвотное,и
635,потйной,а
636,окончние,а
637,замрание,и
638,мираж,и
639,кашца,и
640,днажды,о
641,джнн,и
642,вентляция,и
643,кнокрад,о
644,грмоздить,о
645,алфвит,а
646,пляда,е
647,интллигентный,е
648,децметр,и
649,кскадёр,а
650,гигена,и
651,кса до пояса,о
652,поршок,о
653,слют,а
654,зноб,о
655,срвнительный оборот,а
656,берзняк,е
657,пнёк,е
658,ммуары,е
659,чтный,ё
660,хлода,о
661,скворода,о
662,вржда,а
663,насмешть,и
664,запргать,я
665,рцепт,е
666,кбала,а
667,чрнила,е
668,приферия,е
669,мрская,о
670,прстой,о
671,брсук,а
672,озряемся,а
673,хдатайство,о
674,аббрвиатура,е
675,сутлока,о
676,протрает,и
677,соцология,и
678,гнорар,о
679,возлжение,о
680,вышвание,и
681,звучние,а
682,обшвка,и
683,тлега,е
684,автоплот,и
685,бда,е
686,вывска,е
687,велсипед,о
688,лкировка,а
689,бктерия,а
690,лпетать,е
691,лпата,о
692,мотоцкл,и
693,тхонечко,и
694,плынь,о
695,кафдра,е
696,кнкурсант,о
697,предлжение,о
698,отпрать,и
699,тцовский,о
700,отчтать,и
701,пощчина,ё
702,продрается,и
703,удстоверение,о
704,обжгает,и
705,удстоить,о
706,стреть,а
707,дрбинка,о
708,фльтрация,и
709,в гнзде,е
710,покрмить,о
711,фркаделька,и
712,облгание налогами,а
713,сильный ожг,о
714,загрзняться,я
715,ргатка,о
716,скрет,е
717,дальние мры,и
718,перектить,а
719,бгатство,о
720,жзнь,и
721,тнденция,е
722,фантстический,а
723,перемстить,е
724,нет зренек,о
725,застлить,е
726,лрец,а
727,ослжнение,о
728,стрна́,а
729,раздрающий,и
730,пнсионер,е
731,промкаю до нитки,о
732,подгревший,о
733,собрается,и
734,инцдент,и
735,полгаемый,а
736,прзентация,е
737,озрят,а
738,стрлок,е
739,продрается,и
740,в нашем сду,а
741,соприкснувшийся,о
742,штландец,о
743,перечтать,и
744,сфальт,а
745,в лптях,а
746,обрсли шерстью,о
747,наши жны,ё
748,ргалик,о
749,гбелен,о
750,потрпеть,е
751,открмить,о
752,эпстолярный,и
753,ппулярный,о
754,фзический,и
755,мкароны,а
756,пдант,е
757,обвинение в поджге,о
758,автоплот,е
759,прополощ,у
760,жвое существо,и
761,угрев,о
762,пушка,о
763,встреч,а
764,предлгать,а
765,отгревший,о
766,горшк,о
767,раздрающий,и
768,теортический,е
769,эпзод,и
770,тгрята,и
771,филлогия,о
772,чертеж,и
773,ожвить,и
774,молко,о
775,свтильник,е
776,мои прва,а
777,кртеж,о
778,машна,и
779,потпление,е
780,нечткость,ё
781,млодёжь,о
782,тлкователь,о
783,Рссия,о
784,истреть в порошок,е
785,држу,о
786,поднбесье,е
787,кнонада,а
788,понсла,е
789,грючий,о
790,шрты,о
791,бюркрат,о
792,отлгательство,а
793,кпировальный,о
794,начло,а
795,голочка,и
796,повнчаться,е
797,распсание,и
798,вршина,е
799,извлчение,е
800,сина,о
801,квёр,о
802,авнтюрист,а
803,вврху,е
804,решточный,ё
805,дфект,е
806,прощ,у
807,позди,а
808,хижна,и
809,нсёт,е
810,благодаря зрькам,о
811,програть,о
812,голва,о
813,мраж,и
814,крветки,е
815,здровье,о
816,фнера,а
817,зрюшками,о
818,опрделённый,е
819,рждение,о
820,настрение,о
821,чсовщик,а
822,бстселлер,е
823,лготип,о
824,в глуши лсной,е
825,овщи,о
826,угрел,о
827,школадка,о
828,слпить глаза,е
829,отнситься,о
830,слны,о
831,издлека,а
832,приксаюсь,а
833,алые зри,о
834,бтон,а
835,утраться,и
836,вопрсительное,о
837,клендарь,а
838,пропущ,у
839,бгаж,а
840,длемма,и
841,рчитатив,е
842,цц,ы
843,потрпать,е
844,рмонт,е
845,ажотаж,и
846,нщета,и
847,тнденция,е
848,разжгатель,и
849,цновка,и
850,шншила,и
851,переклкаться,и
852,дры природы,а
853,этаж,и
854,голва,о
855,скретарь,е
856,фабрка,и
857,щпотка,е
858,квёр,о
859,клено,о
860,лнгвистика,и
861,шповник,и
862,белошрстный,ё
863,бежшь,и
864,зазваться,е
865,бессрдечный,е
866,цновка,и
867,чшь,у
868,угрел,о
869,посмтреть,о
870,растпить,о
871,внуштельный,и
872,свеч,а
873,медицнский,и
874,Камчтка,а
875,трещть,а
876,рставрировать,е
877,плигон,о
878,отгревший,о
879,прилжение,о
880,предовой,е
881,дочрка,у
882,плчевный,а
883,слжиться,о
884,чродей,а
885,пожлой человек,и
886,обжгает,и
887,лстопад,и
888,свтить,е
889,трпа,о
890,лберальный,и
891,на скку остановит,а
892,джнка,о
893,довлжение,о
894,не плснёт,е
895,без ключ,а
896,похвльба,а
897,угрелый,о
898,жвотрепещущий,и
899,под дждём,о
900,прмитивный,и
901,зачтаться,и
902,обжра,о
903,плитика,о
904,рсковать,и
905,првдивый,а
906,вытрает,и
907,отрстил,а
908,почтательница,и
909,шфр,и
910,дрожжерстильный цех,а
911,разбрательство,и
912,пйзаж,е
913,руквица,а
914,распсание,и
915,впреди,е
916,жлище,и
917,австрлиец,а
918,звнок,о
919,больше,и
920,крльчата,о
921,дла,е
922,задач,а
923,нчник,о
924,свзать,я
925,смейный,е
926,дверсия,и
927,интеллгент,и
928,клейдоскоп,а
929,свята,о
930,платка,а
931,навещ,у
932,угрел,о
933,ксательная,а
934,обгреть,о
935,ветринар,е
936,пзор,о
937,распреть,е
938,члма,а
939,дждинка,о
940,эстфетный,а
941,с рвномерной скоростью,а
942,сочтание,е
943,ремшок,е
944,вымкнуть под дождём,о
945,сербристый,е
946,на црквях,е
947,стхи,и
948,нра,о
949,дошл,ё
950,пдант,е
951,тулет,а
952,чжой,у
953,идома,и
954,шк,о
955,гнлое,и
956,бельчта,а
957,разврить,а
958,мряк,о
959,самоприксновение,о
960,рожца,и
961,без плащ,а
962,возгреться,о
963,снжок,е
964,полгать,а
965,постлить,е
966,отскчив от стены,о
967,очщать,и
968,погреть,о
969,дкабрь,е
970,блет,и
971,ранжерея,о
972,фркаделька,и
973,пдробный,о
974,лимпиада,о
975,аббрвиатура,и
976,рсурс,е
977,пролтариат,е
978,кты,о
979,рдеющий,е
980,брёза,е
981,досчтать,и
982,полскать бельё,о
983,опраться,и
984,прилжиться,о
985,исключть,а
986,завевать,о
987,чжестранец,у
988,ржок,о
989,подстлю,е
990,эмоцональный,и
991,члма,а
992,лмбард,о
993,ксающийся,а
994,площдка,а
995,дальние мря,о
996,эпдемия,и
997,острая пла,и
998,вриант,а
999,солвьиный,о
1000,чрный,ё
1001,стна,е
1002,прсяга,и
1003,хвстом вертит,о
1004,встрчаться,е
1005,бится,о
1006,пижн,о
1007,нот,е
1008,баллайка,а
1009,встречть,а
1010,дбродетель,о
1011,распрмить,я
1012,ртмичный,и
1013,плвунец (жук),а
1014,эсткада,а
1015,навещть,а
1016,фициант,о
1017,мдовый,е
1018,длетантский,и
1019,многоурвневый,о
1020,включ,у
1021,ужн,и
1022,жвописец,и
1023,мркетинг,а
1024,змля,е
1025,дружна,и
1026,зркальный,е
1027,перемстить,е
1028,щлочь,ё
1029,кртограф,а
1030,вплвь добираться,а
1031,загрзняться,я
1032,пциент,а
1033,оглуштельный,и
1034,тпор,о
1035,в трве,а
1036,уплвающий,ы
1037,поклнение,о
1038,сренада,е
1039,протнуть,я
1040,одноврменно,е
1041,щлкать,ё
1042,чемпинат,о
1043,опровржение,е
1044,тхоня,и
1045,крвизна,и
1046,один гдок,о
1047,пращр,у
1048,чткость,у
1049,пломник,а
1050,псание,и
1051,аттракцон,и
1052,поплвок,а
1053,затреть,е
1054,выдру,е
1055,город,о
1056,брдить,о
1057,зйчата,а
1058,развлиться,а
1059,иницалы,и
1060,вплвёт,ы
1061,адмнистрация,и
1062,аналг,о
1063,удстоверение,а
1064,слдатский,о
1065,перегворы,о
1066,располгаться,а
1067,с дбром,о
1068,пльто,а
1069,дочрка,у
1070,автоплот,и
1071,прказник,о
1072,патия,а
1073,вырстной,о
1074,помлодеть,о
1075,цркуль,и
1076,рукополжить,о
1077,пстух,а
1078,ворч,у
1079,горскоп,о
1080,вечка,о
1081,звод,а
1082,распвать песни,е
1083,рационлизм,а
1084,берёзовое всло,е
1085,подстлю,е
1086,уч,у
1087,о зрнице,а
1088,чрепок,е
1089,прожрливость,о
1090,приксновенность,о
1091,с грбешком,е
1092,рвноденственный круг,а
1093,разжгатель,и
1094,мраль,о
1095,фршировать,а
1096,зряни́ца,а
1097,апплкация,и
1098,свтлячки,е
1099,озряются,а
1100,медвжонок,е
1101,пвидло,о
1102,трстинка,о
1103,перодичный,и
1104,приблзительно,и
1105,вычрный,у
1106,шрокий,и
1107,плтформа,а
1108,штландский,о
1109,дмагог,е
1110,огромные кты,и
1111,кмпот,о
1112,иницалы,и
1113,чдеса,у
1114,плстичный,а
1115,джнка,о
1116,взмкают от жары,о
1117,дзатор,о
1118,гзон,а
1119,водорслевая маска,о
1120,чмазый,у
1121,озришь,а
1122,ллея,а
1123,брсук,а
1124,борда,о
1125,параштизм,ю
1126,в лптях,а
1127,аппндицит,е
1128,чстота,и
1129,облжение,о
1130,снсация,е
1131,ргатка,а
1132,млитаризм,и
1133,изучть,а
1134,тхничный,е
1135,саранч,а
1136,начть,а
1137,брвада,а
1138,самовозграемый,о
1139,неприксаемые,а
1140,жлчь,ё
1141,штландский,о
1142,забрать,и
1143,авиацонный,и
1144,распшонка,а
1145,трема,е
1146,чстота пульса,а
1147,пмидор,о
1148,дмашний,о
1149,клосок,о
1150,поспшил,е
1151,эвлюция,о
1152,чй,а
1153,шмпанзе,и
1154,чрствый,ё
1155,рбёнок,е
1156,жлчность,ё
1157,озряющий,а
1158,отстрать,и
1159,достлать,и
1160,прспект,о
1161,полсовать,о
1162,чепитие,а
1163,девчта,а
1164,мнзурка,е
1165,задач,а
1166,водвиль,е
1167,в тшине,и
1168,пвица,е
1169,жр,о
1170,прзидент,е
1171,взти,е
1172,длемма,и
1173,ключий свитер,о
1174,экзамнатор,е
1175,разрстаться,а
1176,защщать,и
1177,диагналь,о
1178,плвучесть судна,а
1179,густорстущий,а
1180,журвли,а
1181,чстушка,а
1182,врдительство,е
1183,озрённостью,а
1184,основополжение,о
1185,грбарий,е
1186,амплтуда,и
1187,продрается,и
1188,смляной,о
1189,навещ,у
1190,подрстковый,о
1191,жри,ю
1192,пацфизм,и
1193,смнить,е
1194,располгаться,а
1195,рйтузы,е
1196,ркушка,а
1197,завртелись,е
1198,первая глва,а
1199,тзы,а
1200,слдить,е
1201,бледнощкий,ё
1202,желзняк,е
1203,вычтка,и
1204,калрийность,о
1205,вращться,а
1206,дбродетель,о
1207,бец,о
1208,налдь,е
1209,подрщивать,а
1210,под ссной,о
1211,стхотворение,и
1212,заблстеть,е
1213,лошдь,и
1214,намкать,е
1215,побдить,е
1216,отблстеть,е
1217,жлеть,а
1218,крсноватый,а
1219,жстикуляция,е
1220,автоплот,и
1221,вымрать,и
1222,словосочтание,е
1223,якрь,о
1224,состоит из чстей,а
1225,ммент,о
1226,пвара,о
1227,олмпийский,и
1228,добвление,а
1229,аналг,о
1230,квалерия,а
1231,чжак,у
1232,расквтаться,и
1233,клыхаться,о
1234,рдеть,е
1235,перемнить,е
1236,распреть,е
1237,смковать,а
1238,навстреч,у
1239,пролтариат,е
1240,перлмутр,а
1241,спктакль,е
1242,злотые,о
1243,гнвить,е
1244,непромкаемый,о
1245,захвтить,а
1246,пла,и
1247,классицзм,и
1248,прикснёмся,о
1249,сйчас,е
1250,гворящий,о
1251,мнеры,а
1252,разгрелся,о
1253,члочка,ё
1254,мдведь,е
1255,отблить,е
1256,цревна,а
1257,вяж,о
1258,интеллктуальный,е
1259,проритет,и
1260,млекула,о
1261,квалерия,а
1262,плнировать,а
1263,вбваю,и
1264,импратор,е
1265,галош,и
1266,нарщивать,а
1267,чрвяк,е
1268,предлжение,о
1269,плнительный,е
1270,родные кря,а
1271,греть,о
1272,вечка,о
1273,дизнтерия,е
1274,аттстат,е
1275,мстера,а
1276,соприксаемся,а
1277,зацвтать,е
1278,элксир,и
1279,рмантика,о
1280,подстлать,и
1281,бесшвный,о
1282,разбру,е
1283,подвзаться,я
1284,млиновка,а
1285,избратель,и
1286,приксание,а
1287,ярсть,о
1288,гршовый,о
1289,оттрать,и
1290,элксир,и
1291,щрится,у
1292,досчтать,и
1293,лейкоцты,и
1294,пясок,о
1295,фльтрация,и
1296,горскоп,о
1297,траж,и
1298,дождь в лсу,е
1299,Рстов-на-Дону,о
1300,кльцо,о
1301,разврить,а
1302,пчлы,ё
1303,судрога,о
1304,щбечущий,е
1305,леч,о
1306,пощчина,ё
1307,пнёк,е
1308,тржество,о
1309,дмагог,е
1310,сржант,е
1311,жть,и
1312,водорсли,о
1313,одржимость,е
1314,сдел на скамейке,и
1315,неприксаемо,а
1316,задач,я
1317,дождливая пгода,о
1318,кнокрад,о
1319,кнокрад,о
1320,кнокрад,о
1321,кнокрад,о
1322,облгать налогами,а
1323,корбельный канат,а
1324,венецанец,и
1325,завтрк,а
1326,функцонер,и
1327,выспться,а
1328,гртеск,о
1329,аргумнтация,е
1330,нсы,о
1331,низлжение,о
1332,причсывать,ё
1333,горзонт,и
1334,плигон,о
1335,псание,и
1336,расскаж,и
1337,двизия,и
1338,флминго,а
1339,натнуть,я
1340,в шкфу,а
1341,лсовик,е
1342,бсквит,и
1343,гзон,а
1344,лучезрны,а
1345,лчить,е
1346,трфянистый,о
1347,мбициозный,а
1348,хлостяк,о
1349,кпустный,а
1350,шковый,о
1351,бед,о
1352,рукополгать,а
1353,трмплин,а
1354,чрёмуха,е
1355,прель,а
1356,полгаемый,о
1357,дсяток,е
1358,прикснётесь,о
1359,наменование,и
1360,грзевые ванны,я
1361,замчать,е
1362,плвник,а
1363,обтрание,и
1364,почять,у
1365,налжение жгута,о
1366,фнансы,и
1367,афризм,о
1368,стпендия,и
1369,крсна весна,а
1370,чртик,ё
1371,нагрватель,е
1372,инй,е
1373,гиацнт,и
1374,озрение,а
1375,ркошет,и
1376,дликатес,е
1377,вриант,а
1378,чтный,ё
1379,стрина,а
1380,подгрелый,о
1381,рспублика,е
1382,загревший,о
1383,подвить,а
1384,хрнология,о
1385,обрстать,а
1386,перемстить,е
1387,соприксаемые,а
1388,пчаль,е
1389,счт,ё
1390,инциатива,и
1391,смшной,е
1392,ммориальный,е
1393,расстлить,е
1394,кмфорт,о
1395,похвляться,а
1396,школад,о
1397,переменовать,и
1398,стлица,о
1399,подрвнять чёлку,о
1400,хромы,о
1401,плды созрели,о
1402,нделя,е
1403,члочка,ё
1404,рвноценный,а
1405,оглдеться,я
1406,плисадник,а
1407,првилегия,и
1408,ксайся,а
1409,обтреть,е
1410,ттрадь,е
1411,идология,е
1412,пошл,ё
1413,прожгать,и
1414,позлоченный,о
1415,леж,и
1416,джнка,о
1417,окан,е
1418,любоваться зрями,о
1419,чрнильница,е
1420,цветущие сды,а
1421,световать,о
1422,крдит,е
1423,одноврменно,е
1424,порх,о
1425,велчать,и
1426,чмодан,е
1427,удвиться,и
1428,полгаемый,а
1429,прибжать,е
1430,лнолеум,и
1431,вытащ,у
1432,мря,о
1433,гродничий,о
1434,хлба,е
1435,хлба,е
1436,хлба,е
1437,хлба,е
1438,хлба,е
1439,хлба,е
1440,хлба,е
1441,хлба,е
1442,хлба,е
1443,хлба,е
1444,мдельер,о
1445,кснись,о
1446,рждение,о
1447,плнолуние,о
1448,атлнтический,а
1449,остновка,а
1450,помщать,е
1451,перемнить,е
1452,гняются,о
1453,вершна,и
1454,лжанка,е
1455,птица плвунчик,а
1456,стажровка,и
1457,рльеф,е
1458,крвать,о
1459,до свдания,и
1460,вриант,а
1461,облгчение,е
1462,встрчать,е
1463,ослбевать,а
1464,отвчать,е
1465,цлебный,е
1466,врховой,е
1467,отрщу,а
1468,прфессия,о
1469,лксикология,е
1470,квёр,о
1471,лнейный,и
1472,чжой,у
1473,обхвтить,а
1474,сстра,е
1475,сстра,е
1476,сстра,е
1477,сстра,е
1478,сстра,е
1479,сстра,е
1480,сстра,е
1481,сстра,е
1482,сстра,е
1483,сстра,е
1484,сстра,е
1485,сстра,е
1486,сстра,е
1487,сстра,е
1488,сстра,е
1489,сстра,е
1490,прочтать,и
1491,избратель,и
1492,прибрёт,е
1493,выжчь,е
1494,избраться,и
1495,забор покраше,н
1496,сочтать,е
1497,удрать,и
1498,обмреть,е
1499,разбру,е
1500,запреться,е
1501,в продолжени дороги я молчал,е
1502,окно занавешео,н
1503,потреть,е
1504,выжчь,е
1505,морожеая на зиму рыба,нн
1506,тутуту,(дефис)
1507,сдраю,и
1508,всилу обстоятельств,(раздельно)
1509,зажгательный,и
1510,воттебераз,(раздельно)
1511,отдру,е
1512,раздрающий,и
1513,"ушёл, непрощаясь",(раздельно)
1514,вычтаемое,и
1515,сочтание,е
1516,разжгает,и
1517,раздрать,и
1518,вычтка,и
1519,разжгать,и
1520,избратель,и
1521,достлать,и
1522,втраться в доверие,и
1523,ненаучившись,(раздельно)
1524,избраться,и
1525,натрать,и
1526,он тоже надел пальто,(слитно)
1527,удрать,и
1528,разбрает,и
1529,смотрщий,я
1530,вычтание,и
1531,броситься наперехват беглецам,(слитно)
1532,разбрательство,и
1533,подстлить,е
1534,счтаться,и
1535,особео,нн
1536,сердит крикнуть,о
1537,задру,е
1538,связа с учёбой,н
1539,запрательство,и
1540,опреться,е
1541,приучика,(раздельно)
1542,иш какой шустрый,ь
1543,очковтрательство,и
1544,пересчтать,и
1545,запреться,е
1546,обмреть,е
1547,запрательство,и
1548,почтать старших,и
1549,застлает,и
1550,,
1551,диньдон,(дефис)
1552,буравящму взгляду,е
1553,расстлю,е
1554,дотреть,е
1555,поближ,е
1556,запраться,и
1557,вытрать,и
1558,никак некончающийся день,(раздельно)
1559,обрать,и
1560,подпрать,и
1561,,
1562,отрешёо смотреть,нн
1563,"чтобы ни спросили, молчи",(раздельно)
1564,счтаться,и
1565,запричтать,и
1566,упраться,и
1567,связа с учёбой,н
1568,выжгание,и
1569,пережгать,и
1570,пробрается,и
1571,нежданнонегаданно,(дефис)
1572,поблстеть,е
1573,постепео,нн
1574,придраться,и
1575,морковь выращеа,н
1576,броситься наперехват беглецам,(слитно)
1577,запричтать,и
1578,придрутся к словам,е
1579,блстать,и
1580,броситься наперехват беглецам,(раздельно)
1581,выжг,е
1582,затрать,и
1583,плетёый забор,н
1584,сжгать,и
1585,отпрать,и
1586,избратель,и
1587,сосчтать,и
1588,недоставленное письмо,(слитно)
1589,страницы неизмяты,(раздельно)
1590,выбрать,и
1591,запреть,е
1592,стать друзьями навек,(слитно)
1593,достлать,и
1594,брёшь,е
1595,почтать,и
1596,вымреть,е
1597,почтать старших,и
1598,смрение,и
1599,нерассмеявшись,(раздельно)
1600,забраться,и
1601,выпрать,и
1602,насторожнный,е
1603,пропустить урок ввиду болезни,(слитно)
1604,выбру,е
1605,вычтание,и
1606,добраться,и
1607,подстлать,и
1608,поджгательство,и
1609,выпрать,и
1610,простлаться,и
1611,избраться,и
1612,блснуть,е
1613,застлить,е
1614,мальчик напуга,н
1615,куку,(раздельно)
1616,избру,е
1617,потернный,я
1618,поблстеть,е
1619,счталка,и
1620,придрутся к словам,е
1621,наклейтека,(дефис)
1622,избраешь,и
1623,выжгание,и
1624,набраться опыта,и
1625,разжгатель,е
1626,прорешайка,(раздельно)
1627,проблск,е
1628,пробрается,и
1629,опреться,е
1630,поблстать,и
1631,отпрательство,и
1632,простлаться,и
1633,отнюдь неправильно,(раздельно)
1634,выбрать,и
1635,прибрёт,е
1636,осторожен сверх меры,(слитно)
1637,обрать,и
1638,немедля с ответом,(раздельно)
1639,смотреть предао,нн
1640,обтрание,и
1641,прорешайка,(дефис)
1642,особео,нн
1643,громч,е
1644,обдрание,и
1645,выжгает,и
1646,неубив медведя,(раздельно)
1647,затреть,е
1648,собрается,и
1649,устлить,е
1650,пылать багряо,н
1651,сдраю,и
1652,пропустил уроки вследстви болезни,е
1653,мальчик напуга,н
1654,насчтать,и
1655,выбрать,и
1656,перебрать,и
1657,утреть нос,е
1658,упраться,и
1659,упражнящийся,ю
1660,выстлка,и
1661,нескроив,(слитно)
1662,сейчасто уж не успеешь,(дефис)
1663,блснула,е
1664,блстает,и
1665,заяцто убежал,(раздельно)
1666,это вдвойне приятно,(слитно)
1667,настлать,и
1668,выжг,е
1669,распреть,е
1670,обжгает,и
1671,сейчасто уж не успеешь,(раздельно)
1672,сочтание,е
1673,выстлка,и
1674,поблстать,и
1675,швырнуть наотмаш,ь
1676,выбру,е
1677,настлить,е
1678,прибрёт,е
1679,блстать,и
1680,блснуть,е
1681,проблстать,и
1682,настлать,и
1683,протрать,и
1684,вцелях получения прибыли,(раздельно)
1685,в тоже время,(раздельно)
1686,упраться,и
1687,забрать,и
1688,перечтать,и
1689,непререкаемый авторитет,(слитно)
1690,разжгать,и
1691,блстящий,е
1692,запрать,и
1693,перестлить,е
1694,замрать,и
1695,застлю,е
1696,"использовать тоже название, что у них",(раздельно)
1697,мне невмоготу,(слитно)
1698,расстлаться,и
1699,блстеть,е
1700,запрает,и
1701,невозмутимый тон,(раздельно)
1702,строщий,я
1703,простлаться,и
1704,доверительн,о
1705,насчтать,и
1706,клонящеся солнце,и
1707,отпреть,е
1708,сдраю,и
1709,устлать,и
1710,нисколько недалеко,(раздельно)
1711,собрается,и
1712,чтальный зал,и
1713,препраться,и
1714,отдрать,и
1715,выжгание,и
1716,тьфутьфу,(дефис)
1717,раздрать,и
1718,сочтать цвета,е
1719,забру,е
1720,"неправильно, а с ошибкой",(раздельно)
1721,замрать,и
1722,щекочщий,у
1723,вчтаться,и
1724,буравящму взгляду,е
1725,в доме неуютно,(слитно)
1726,поставлнный,е
1727,натрать,и
1728,собрать,и
1729,запричтать,и
1730,распреть,е
1731,протреть,е
1732,проблстать,и
1733,понемецки,(дефис)
1734,влево от дороги,(раздельно)
1735,собру,е
1736,сочтание,е
1737,добрать,и
1738,набраться опыта,и
1739,поокончании года,(раздельно)
1740,перетреть,е
1741,блокирующм потоком,и
1742,вчетвёртых,(дефис)
1743,вычтаемое,и
1744,избратель,и
1745,словосочтание,е
1746,вычтать,и
1747,чта,е
1748,нкогда не забывать,и
1749,сразуто мне не понять,(дефис)
1750,отчтать,и
1751,посчтать,и
1752,в чёмто он был не прав,(дефис)
1753,сдрать,и
1754,это вдвойне приятно,(слитно)
1755,разбрётся,е
1756,выдрание,и
1757,хохохо,(раздельно)
1758,выжгание,и
1759,разбрётся,е
1760,собраться,и
1761,набрать,и
1762,выбру,е
1763,отбрает,и
1764,задрает нос,и
1765,выбру,е
1766,смотреть угрюм,о
1767,несделанное вовремя дело,(раздельно)
1768,почтать,и
1769,разбрательство,и
1770,выдру,е
1771,пробраться,и
1772,дотреть,е
1773,ничего непонимающий зверёк,(слитно)
1774,застлил,е
1775,препраться,и
1776,лишнный,ё
1777,запрает,и
1778,блснуть,е
1779,запраться,и
1780,блстеть,е
1781,вытрать,и
1782,опраться,и
1783,задру нос,е
1784,сочтание,е
1785,достлить,е
1786,закленный,е
1787,заблстать,и
1788,вычтаемое,и
1789,блстать,и
1790,расстлаться,и
1791,утреть нос,е
1792,поблстеть,е
1793,блснуть,е
1794,достлить,е
1795,это вдвойне приятно,(слитно)
1796,строщий,я
1797,продрусь сквозь заросли,е
1798,взапрти,е
1799,сразуто мне не понять,(раздельно)
1800,никак некончающийся день,(раздельно)
1801,яйца всмятку,(слитно)
1802,раздражнный,ё
1803,поджгательство,и
1804,зажгательность,и
1805,отвечать поразному,(дефис)
1806,проблснуть,е
1807,эгеге,(дефис)
1808,незанавешенные окна,(слитно)
1809,невозмутимый тон,(слитно)
1810,боящмуся щенку,е
1811,зажгаться,и
1812,произойти неизбежно,(слитно)
1813,выпрать,и
1814,решёая задача,нн
1815,забраться,и
1816,спойка,(дефис)
1817,прижгает,и
1818,пережгать,и
1819,избраешь,и
1820,зажгалка,и
1821,обжгает,и
1822,выдрание,и
1823,далеко невесело,(раздельно)
1824,вымреть,е
1825,озвучнный,е
1826,станцуйка,(раздельно)
1827,обмреть,е
1828,простлаться,и
1829,оттреть,е
1830,продраться,и
1831,нзачем обижаться,е
1832,растрать,и
1833,подстлать,и
1834,удру,е
1835,вымрший зверь,е
1836,чтальный зал,и
1837,совершенно несерьёзно,(раздельно)
1838,обтёснный,а
1839,научнный,е
1840,рубить сплеча,(слитно)
1841,зажгание,и
1842,расстлю,е
1843,чта,е
1844,поджгать,и
1845,смущнный,ё
1846,потвоему мнению,(дефис)
1847,замрли,е
1848,смущнный,ё
1849,сразуто мне не понять,(раздельно)
1850,забру,е
1851,адресовнный,а
1852,запрательство,и
1853,подпреть,е
1854,разжгать,и
1855,перечтать,и
1856,обжгает,и
1857,упасть навзнич,ь
1858,построн,е
1859,отблстеть,е
1860,выжгает,и
1861,забраться,и
1862,распреть,е
1863,перечтать,и
1864,опреться,е
1865,забру,е
1866,выпрать,и
1867,разжгает,и
1868,замечательо,нн
1869,потреться,е
1870,блстел,е
1871,пробрать до мурашек,и
1872,припреть к стенке,е
1873,никем неусвоенное правило,(слитно)
1874,всё замрло,е
1875,опреться,е
1876,пробрается,е
1877,подбрать,и
1878,обжгание,и
1879,задраться,и
1880,поступить нелогично,(слитно)
1881,выжгание,е
1882,сосчтать,и
1883,вытреть,е
1884,подтреть,е
1885,проблск,и
1886,затрать,и
1887,впишика,(раздельно)
1888,никем невыученное правило,(раздельно)
1889,стлиться,е
1890,выжгает,и
1891,расстлаться,е
1892,избраться,и
1893,отмрать,и
1894,обжгать,и
1895,разбру,е
1896,перечтать,и
1897,поджгать,и
1898,незакончившееся вовремя собрание,(раздельно)
1899,постлить,е
1900,поближ,е
1901,устлать,е
1902,заблстевший,е
1903,задру,е
1904,продрается,и
1905,придрусь,е
1906,замрать,е
1907,упрался,и
1908,зажгать,и
1909,швырнуть наотмаш,ь
1910,выжг,е
1911,замреть,е
1912,впишика,(дефис)
1913,попредъявлении паспорта,(слитно)
1914,лпить,е
1915,звнит,о
1916,мгический,а
1917,убаюкивающ,е
1918,рпортаж,е
1919,обманывать невыгодно,(слитно)
1920,особео,нн
1921,не сегоднязавтра,(дефис)
1922,северное сяние,и
1923,квашеая бабушкой капуста,н
1924,втретьих,(дефис)
1925,длёкий,а
1926,поступить нелогично,(раздельно)
1927,мзаика,о
1928,незамеченная учеником ошибка,(слитно)
1929,патия,о
1930,рсинка,о
1931,преклнить голову,о
1932,навещть,я
1933,размкать от дождя,о
1934,в продолжени дороги я молчал,е
1935,кльцо,а
1936,харктеристика,а
1937,чсы,а
1938,усккать,а
1939,ноткуда нет новостей,и
1940,рекомендумый,и
1941,у хомка,я
1942,шв,о
1943,африст,е
1944,глосовать,о
1945,успеть вовремя,(раздельно)
1946,обонямый,е
1947,недостжимый,и
1948,мальчик напуга,н
1949,неумывшись,(слитно)
1950,нщета,и
1951,непрояснившееся после бури небо,(раздельно)
1952,искусствео,н
1953,ничуть недоверчиво,(слитно)
1954,ехать навстречу друг другу,(слитно)
1955,подксательная,а
1956,спртакиада,а
1957,в чёмто он был не прав,(дефис)
1958,кормить наубой,(раздельно)
1959,пугающ,е
1960,птический,о
1961,дминировать,о
1962,поокончании года,(слитно)
1963,смотреть угрюм,о
1964,младшй,и
1965,переменовать,е
1966,жвописный,и
1967,льтернатива,а
1968,эхма,(раздельно)
1969,насмешть,и
1970,за кном,о
1971,рпертуар,е
1972,жмчуга,е
1973,вяжщий,а
1974,пртест,о
1975,неустремившись,(слитно)
1976,пдант,е
1977,щлка,ё
1978,обхвтить,о
1979,кочрга,е
1980,выставлять напоказ,(слитно)
1981,аббрвиатура,и
1982,затрмозить,о
1983,полюдски,(дефис)
1984,нкогда не забывать,е
1985,забвлять,а
1986,скарлтина,а
1987,крвизна,е
1988,прадоксальный,а
1989,вдёт,е
1990,нестись вскачь,(слитно)
1991,наклейтека,(дефис)
1992,кфейник,о
1993,покитайски,(раздельно)
1994,стоять внизу,(раздельно)
1995,удвительный,и
1996,ммуары,и
1997,ненавидя,(слитно)
1998,кснётесь,о
1999,хдить,о
2000,шпргалка,а
2001,множтель,и
2002,бержно,е
2003,вышвка,и
2004,сржант,е
2005,выскчить,о
2006,чдный,у
2007,пчаль,и
2008,гастрлёр,о
2009,инфнтильный,а
2010,озряющийся,а
2011,галчта,а
2012,обрсли шерстью,а
2013,обтёснный,а
2014,о зрюшке,о
2015,дить,о
2016,изванный,е
2017,измучнный,е
2018,трещть,а
2019,построн,и
2020,обвинение в поджге,ё
2021,похвляться,о
2022,строжить,о
2023,совершенно несерьёзно,(раздельно)
2024,пропустил уроки вследстви болезни,е
2025,выговор попричине опоздания,(слитно)
2026,тянуться извилист,о
2027,схвтить,а
2028,нырнуть неглубоко,(слитно)
2029,яйца всмятку,(раздельно)
2030,мстовая,о
2031,тренироваться в течени полугода,и
2032,пвидло,а
2033,нужно чемто заняться,(раздельно)
2034,прказник,о
2035,блкон,а
2036,жсткий,ё
2037,приглашамый,е
2038,посмотрика,(дефис)
2039,разговриться,о
2040,впчатление,е
2041,краван,а
2042,снговика,е
2043,стоить недёшево,(слитно)
2044,совершенно несерьёзно,(слитно)
2045,нвизна,о
2046,пртизан,а
2047,двно,а
2048,поднсла,е
2049,они кудато уехали,(раздельно)
2050,релистичный,а
2051,приучика,(дефис)
2052,мсты,о
2053,кнокрад,о
2054,лучш,о
2055,приучика,(раздельно)
2056,приучика,(дефис)
2057,фнера,а
2058,мотоцкл,ы
2059,пхучие,а
2060,прорешайка,(раздельно)
2061,пояпонски,(дефис)
2062,напсал,и
2063,сделано насовесть,(слитно)
2064,пщеварение,и
2065,вследстви жары озеро пересохло,и
2066,свёнок,о
2067,невозмутимый тон,(раздельно)
2068,повстрчать,е
2069,партеид,а
2070,кукареку,(раздельно)
2071,юнша,о
2072,спящму принцу,е
2073,матрик,е
2074,выспться,а
2075,сттистика,а
2076,полжительность,о
2077,мшок,е
2078,шмпанзе,е
2079,злдейство,о
2080,счстье,а
2081,полса,о
2082,пнтера,а
2083,нацональность,и
2084,дирижр,ё
2085,жраф,и
2086,потрачнный,е
2087,лучезрен,а
2088,легндарный,е
2089,влокита,о
2090,замечательо,н
2091,пскарь,е
2092,патритизм,о
2093,ужн,и
2094,дминировать,а
2095,дминировать,о
2096,внты,и
2097,страницы неизмяты,(раздельно)
2098,рвноденственный круг,а
2099,кционный,а
2100,раскршить,о
2101,прект,о
2102,пережвывание,ё
2103,дры природы,о
2104,забраться,е
2105,трелка,а
2106,густорстущий,а
2107,поврждение,е
2108,пктография,и
2109,нсы,а
2110,поставлнный,е
2111,благодаря зрькам,а
2112,соприксаешься,а
2113,бян,а
2114,сидеть наверху,(слитно)
2115,кртерий,и
2116,лачга,у
2117,располжить,о
2118,плстилин,а
2119,заходите поодному,(раздельно)
2120,"хочу, чтобы было лето",(раздельно)
2121,поприбытии в деревню,(раздельно)
2122,гворливый,о
2123,ёжк,и
2124,чдо,а
2125,вымыть дочиста,(раздельно)
2126,капллярный,и
2127,публицстика,и
2128,перелгаемый,а
2129,волкита,о
2130,попасть впросак,(раздельно)
2131,"неглупо, а умно",(слитно)
2132,налг,о
2133,строщий,я
2134,времео,нн
2135,без приксания,а
2136,мсной,я
2137,жавронок,о
2138,загреть,о
2139,размлоть,о
2140,дорсли,о
2141,низлжение,а
2142,фргмент,а
2143,грегат,а
2144,рсинка,а
2145,самоприксновение,о
2146,двчонка,е
2147,многоурвневый,а
2148,ксматая шкура,о
2149,свеч,я
2150,режссёр,и
2151,чткость,у
2152,сейчасто уж не успеешь,(дефис)
2153,сейчасто уж не успеешь,(дефис)
2154,в змле,е
2155,прикснувшись,о
2156,дрожжерстильный цех,о
2157,озряюсь,а
2158,великие мстера,а
2159,"также любезен, как и всегда",(раздельно)
2160,причёснный,а
2161,жстокий,е
2162,свбодный,о
2163,стпендия,е
2164,водорслевая маска,о
2165,чдище,у
2166,рационлист,а
2167,крова,о
2168,спокойн спать,а
2169,наплвной,а
2170,снговика,и
2171,снговика,е
2172,сообщ,а
2173,вбваю,е
2174,фнишировать,и
2175,зрька,о
2176,покошачьи,(дефис)
2177,навещть,я
2178,навещть,а
2179,лошдь,е
2180,лошдь,а
2181,гордиться плвцами,о
2182,бситься,е
2183,чша,а
2184,спцифика,е
2185,дщатый,о
2186,снговик,е
2187,соприксновения,о
2188,настрение,о
2189,полюдски,(дефис)
2190,полюдски,(дефис)
2191,риентир,о
2192,грбами,и
2193,постепео,н
2194,подрщённый,а
2195,цплёнок,ы
2196,неперевдимый,о
2197,блокирующм потоком,е
2198,на втвях,е
2199,беседующю девочку,е
2200,мсорубка,е
2201,увидеть в продолжени сериала,е
2202,чсаный,ё
2203,располгаться,а
2204,вронята,о
2205,ксмонавт,о
2206,Рстов,о
2207,воттебераз,(дефис)
2208,замечательо,н
2209,замечательо,н
2210,угрелый,о
2211,клятва сдержаа,н
2212,рассккаться,а
2213,выращнный,ё
2214,псание,е
2215,ксмонавт,о
2216,ксмонавт,о
2217,финш,и
2218,сботаж,а
2219,вечка,а
2220,отчаяо,нн
2221,дликатный,е
2222,компньон,а
2223,мы стяли молча,о
2224,свяж,и
2225,дальние мря,а
2226,в кгтях,о
2227,злдейство,а
2228,отвечать поразному,(дефис)
2229,подгрелый,а
2230,выставлять напоказ,(раздельно)
2231,шрота,и
2232,слзинки,е
2233,посчтать,и
2234,импратор,е
2235,получамый,е
2236,разговриться,о
2237,крестнакрест,(дефис)
2238,анкдот,е
2239,шрник,о
2240,потйной,а
2241,далекодалеко,(дефис)
2242,програть,а
2243,мотоцклист,и
2244,зйчиха,а
2245,кллекция,о
2246,джнтльмен,е
2247,к врач,у
2248,вырщенный,а
2249,продиктовнный,о
2250,чдесный,у
2251,в пухипрах,(раздельно)
2252,леж,ы
2253,чдак,у
2254,бндероль,а
2255,дмок,о
2256,сница,и
2257,ослжнение,о
2258,дпрессия,е
2259,броситься наперерез,(слитно)
2260,взде,е
2261,обонямый,и
2262,алые зрьки,о
2263,аннас,а
2264,рубить сплеча,(раздельно)
2265,обшвка,ы
2266,разговриться,о
2267,разговриться,о
2268,велсипед,а
2269,срщение,а
2270,плнительный,е
2271,учять,у
2272,на змле,е
2273,соприксаемся,о
2274,бится,о
2275,бацлла,и
2276,прпятствие,е
2277,разрстить,а
2278,квёр,а
2279,скомина,о
2280,гигиничный,е
2281,ккуратность,а
2282,нщета,е
2283,законополжение,о
2284,опсать чувства,и
2285,осмтреть,о
2286,озрит,а
2287,очень неаккуратно,(слитно)
2288,грбатый,о
2289,спна,и
2290,выткаое золотом полотно,нн
2291,луреат,а
2292,котлван,о
2293,проход,а
2294,дждинка,о
2295,неприксаемые,о
2296,сербристый,е
2297,научнный,е
2298,крикатура,а
2299,с дбром,о
2300,идентифицровать,и
2301,треадор,о
2302,рпортаж,е
2303,пригревший,о
2304,озриться,а
2305,трпинка,о
2306,размежванный,ё
2307,световать,а
2308,броситься наперехват беглецам,(раздельно)
2309,перелгать ответственность,а
2310,стелщийся,я
2311,тьфутьфу,(дефис)
2312,слют,а
2313,провдить,о
2314,рпутация,е
2315,грдация,а
2316,срай,а
2317,шмпиньон,а
2318,загнять,о
2319,"использовать тоже название, что у них",(раздельно)
2320,крамель,а
2321,Чкотка,у
2322,на алых зрях,о
2323,пртест,о
2324,спсённый,а
2325,кнава,а
2326,идома,и
2327,лкировать туфли,а
2328,тнуть,и
2329,размежванный,о
2330,размежванный,ё
2331,нужно чемто заняться,(дефис)
2332,на двре,о
2333,дбросовестный,о
2334,у грач,а
2335,пацент,и
2336,низлжение,а
2337,полжение,о
2338,заяцто убежал,(дефис)
2339,кмнерезы,а
2340,местополжение,о
2341,примрять платье,е
2342,параштист,ю
2343,иш какой шустрый,(ничего)
2344,отрешёо смотреть,нн
2345,демнтировать,о
2346,замреть,е
2347,мкулатура,а
2348,посделки,и
2349,антлогия,о
2350,негдяй,о
2351,звонкие глоса,о
2352,разносклняемые существительные,о
2353,порусски,(раздельно)
2354,звонкие глоса,о
2355,звонкие глоса,о
2356,щлка,ё
2357,несгбаемый,и
2358,кнгуру,е
2359,резденция,и
2360,звод,о
2361,ветр,е
2362,мрсианин,а
2363,луреат,а
2364,пролтариат,и
2365,лиш одно сомнение,(ничего)
2366,брнил,а
2367,акадмический,е
2368,обрстать,а
2369,сделать помоему,(дефис)
2370,чрнильница,е
2371,филлогия,о
2372,жри,у
2373,влжить,о
2374,краснорчивость,е
2375,глзок,а
2376,натнуть,е
2377,ярмрка,а
2378,сстра,е
2379,сверх моего терпения,(слитно)
2380,обжгать,е
2381,подчркивать,ё
2382,срказм,а
2383,дмок,а
2384,месц,я
2385,приучика,(дефис)
2386,непромкаемый,о
2387,жлтенький,ё
2388,поднбесье,и
2389,чжой,у
2390,зардить,я
2391,пережгать,е
2392,спннинг,и
2393,вырстной,о
2394,поучиська,(дефис)
2395,чстушка,о
2396,впишика,(дефис)
2397,вдро,е
2398,тлевизор,е
2399,ллеять,е
2400,комндир,а
2401,щбечущий,и
2402,древьях,е
2403,нварь,я
2404,раздрать,и
2405,рсянка,о
2406,обрзумиться,а
2407,глзок,а
2408,африст,и
2409,кллиграфия,а
2410,отпреть,е
2411,поврждение,е
2412,гловокружение,о
2413,пошл,ё
2414,кмфорт,о
2415,размежванный,о
2416,срвнять с землёй,о
2417,соприксаться,а
2418,мрафон,а
2419,гордиться плвцами,о
2420,пассажр,и
2421,лконичный,а
2422,бнзин,е
2423,делать нерадиво,(слитно)
2424,лгкомыслие,е
2425,бгемный,о
2426,лсята,о
2427,лчебница,е
2428,мнеры,о
2429,кно,о
2430,крректор,о
2431,лбиринт,а
2432,ункальный,и
2433,соцология,ы
2434,квать меч,о
2435,горскоп,о
2436,артстизм,и
2437,грмоздить,а
2438,броситься наперехват беглецам,(слитно)
2439,броситься наперехват беглецам,(слитно)
2440,приксаюсь,о
2441,стрина,а
2442,издлека,а
2443,хмический,и
2444,звринец,е
2445,полжить,о
2446,чащба,о
2447,налвчиться,о
2448,нашптывание,ё
2449,слидарность,о
2450,потреться,е
2451,расплскать,е
2452,динмизм,а
2453,зажгу свеч,у
2454,стрльба,е
2455,тнуть,я
2456,тнуть,я
2457,влосипед,е
2458,вчетвёртых,(раздельно)
2459,склняться,о
2460,жлтеть,е
2461,покошачьи,(дефис)
2462,мтрополитен,е
2463,спецфика,и
2464,огромные кты,и
2465,к врач,у
2466,к врач,у
2467,выскчить,о
2468,вдро,е
2469,вдро,е
2470,спшите в тетрадь,и
2471,малшня,ы
2472,дзертировать,е
2473,охрнять,а
2474,вершна,и
2475,одноврменно,е
2476,погбали,и
2477,сбалнсированный,а
2478,аплдировать,о
2479,нсекомое,а
2480,нагревший,о
2481,чшуя,е
2482,нарвне,а
2483,дталь,е
2484,взглянуть насторожео,н
2485,обмрок,о
2486,удстоить,о
2487,молчние,а
2488,срдиться,е
2489,бллада,а
2490,приксайся,а
2491,потрпеть,е
2492,мрская,а
2493,не скрпите перьями,и
2494,заржаем,я
2495,фразологизм,е
2496,кидать наотмаш,ь
2497,стрик,а
2498,нашвка,и
2499,гордиться плвцами,а
2500,гордиться плвцами,о
2501,брёза,и
2502,отдлённый,а
2503,квалифицироваый рабочий,н
2504,приод,е
2505,марцпан,и
2506,бюркрат,о
2507,пктография,е
2508,приод,е
2509,зреньки,о
2510,чрствый,о
2511,пехтинец,о
2512,штуктурка,а
2513,дверсия,е
2514,пльто,а
2515,кувшн,и
2516,лбиринт,о
2517,лбиринт,а
2518,вновник,и
2519,бйцовский,о
2520,нварь,я
2521,нварь,я
2522,нестись вскач,(ничего)
2523,защщать,и
2524,рукополжение,о
2525,инй,е
2526,тусклое освщение,е
2527,члма,о
2528,взлхматить,о
2529,мстовая,о
2530,влево от дороги,(слитно)
2531,мллюск,о
2532,трумф,и
2533,калрийность,о
2534,загревший,а
2535,нужно быть начеку,(раздельно)
2536,бжать по дороге,е
2537,вентляция,и
2538,затрмозить,а
2539,цвилизация,и
2540,параштизм,у
2541,попасть впросак,(слитно)
2542,нбосвод,е
2543,проритет,и
2544,респратор,и
2545,сплош да рядом,ь
2546,влюта,а
2547,омывамый,е
2548,самовозграние,о
2549,Таджкистан,и
2550,домнировать,и
2551,интеллктуальный,е
2552,рожца,и
2553,мстечко,е
2554,втеран,е
2555,щрится,ю
2556,забрнировать,о
2557,дешвый,ё
2558,сботаж,а
2559,саул,е
2560,без плащ,я
2561,приксание,о
2562,смфония,и
2563,никем невыученное правило,(раздельно)
2564,ужн,и
2565,пролтеть,е
2566,тпор,о
2567,привзти,е
2568,дминировать,а
2569,прционный,о
2570,подстлю,и
2571,клматический,и
2572,ржок,о
2573,отскчив от стены,а
2574,встрчать,е
2575,кошко,о
2576,тптаться,о
2577,самовозграемый,о
2578,клорит,о
2579,выглядеть неказисто,(слитно)
2580,дмократ,е
2581,погрелый,о
2582,подошл,ё
2583,удвиться,и
2584,в кгтях,о
2585,угрел,а
2586,поприбытии в деревню,(раздельно)
2587,сильный ожг,ё
2588,барсучта,а
2589,всьмой,о
2590,размежванный,ё
2591,влюта,а
2592,влюта,а
2593,мдельер,о
2594,ннавистник,е
2595,впчатление,и
2596,щебтать,е
2597,рскованный,и
2598,близрстущий,а
2599,петь созвучн,а
2600,застлает,е
2601,к грач,у
2602,вырсти,а
2603,далко,е
2604,убждение,е
2605,плвун (грунт),ы
2606,пережвывание,ё
2607,мои прва,а
2608,товарищ,у
2609,блото,о
2610,гладолус,и
2611,монумнтальный,е
2612,эмоцональный,и
2613,жсмин,а
2614,врблюд,е
2615,зрно,е
2616,учник,е
2617,попасть впросак,(слитно)
2618,попасть впросак,(слитно)
2619,озриться,о
2620,далко,е
2621,далко,е
2622,рждение,а
2623,кшне,а
2624,прожарнный,е
2625,плсунья,е
2626,шномонтаж,и
2627,хвстом вертит,а
2628,рспублика,и
2629,окан,е
2630,рбристый,е
2631,вдли,а
2632,грох,о
2633,цц,ы
2634,срай,о
2635,бшмак,а
2636,дорщивать,а
2637,стрлок,е
2638,иднтифицировать,е
2639,ксаемся,а
2640,пригревший,а
2641,стркоза,е
2642,ветр,и
2643,руквица,о
2644,ободрямый,е
2645,эсткада,о
2646,зачс,ё
2647,пращр,ю
2648,нжовка,о
2649,вышвка,и
2650,мщик,я
2651,рычть,а
2652,шрота,ы
2653,прижгает,и
2654,произрщённый,а
2655,эпдемия,е
2656,кондицонер,и
2657,отрхнуть,е
2658,соприкснётся,о
2659,потрпать,и
2660,бед,о
2661,рсограф,о
2662,измучнный,ё
2663,всё замрло,е
2664,вычркивать,е
2665,озрят,а
2666,объеднение,и
2667,добжал,е
2668,размежванный,ё
2669,размежванный,ё
2670,дач,а
2671,сокл,о
2672,соклиный,о
2673,плнительный,е
2674,цревна,о
2675,прик,а
2676,сколиный,о
2677,прикснувшись,а
2678,стхи,е
2679,гитрист,а
2680,словослжение,о
2681,сстрёнка,е
2682,ктаклизм,а
2683,бярин,о
2684,мнута,и
2685,благорасполженный,о
2686,шномонтаж,и
2687,шномонтаж,и
2688,фльтрация,и
2689,брошрка,ю
2690,функцональный,и
2691,вытнул,я
2692,динмизм,о
2693,плеч,о
2694,обсккать,а
2695,эмгрант,и
2696,тцовский,о
2697,за кном,о
2698,рвномерный,а
2699,мщик,е
2700,мщик,я
2701,грзевые ванны,е
2702,федертивный,а
2703,вронята,о
2704,вырщенный,о
2705,мачха,е
2706,дсерт,е
2707,чсаный,ё
2708,ннавистный,е
2709,дочрка,ю
2710,на ощпь,у
2711,мксимальный,а
2712,уржай,о
2713,лимпиада,а
2714,кчается,а
2715,плигон,о
2716,лконичный,а
2717,мсты,о
2718,стреть,о
2719,сделать неплохо,(слитно)
2720,бйцовский,а
2721,влево от дороги,(раздельно)
2722,влево от дороги,(слитно)
2723,погрелец,о
2724,заяцто убежал,(раздельно)
2725,бнты,и
2726,мстера,о
2727,ртист,а
2728,диагналь,а
2729,подбрать,е
2730,зревой,а
2731,далеко невесело,(раздельно)
2732,шхматист,а
2733,пкарня,е
2734,бюрокртический,а
2735,прстой,а
2736,дсциплина,и
2737,вывска,и
2738,вырсти,а
2739,вырсти,а
2740,цганский,ы
2741,пэт,о
2742,сви ученики,о
2743,переграние,о
2744,приграние,о
2745,медвжата,е
2746,пррогатива,е
2747,выключть,а
2748,погрничный,а
2749,порх,а
2750,корбельный канат,а
2751,переразлжить,о
2752,заграться,о
2753,растлстеть,о
2754,рмейский,а
2755,у товарищ,а
2756,жлчный,ё
2757,мщик,я
2758,мщик,я
2759,цтрус,и
2760,с втвей,е
2761,гмак,а
2762,прожарнный,и
2763,прожарнный,е
2764,под лучми,а
2765,бгряный,а
2766,цлебный,и
2767,лборатория,а
2768,поклнение,о
2769,шв,ё
2770,ультрафилетовый,о
2771,пролтариат,и
2772,фнарь,о
2773,прожрство,о
2774,возврщение,а
2775,шрник,о
2776,незанавешенные окна,(раздельно)
2777,напдать,а
2778,добвление,о
2779,млководный,е
2780,чемпинат,а
2781,зрька,а
2782,кллиграфия,о
2783,нбоскрёб,е
2784,дбросовестный,а
2785,кот лскается,а
2786,озряешься,а
2787,шрты,о
2788,водорсли,а
2789,голва,а
2790,адмнистрация,и
2791,хроший,о
2792,Ццерон,и
2793,смущнный,ё
2794,сразуто мне не понять,(раздельно)
2795,дезинфцировать,и
2796,птнец,е
2797,решёая задача,н
2798,длемма,е
2799,артллерия,и
2800,растлстеть,а
2801,растлстеть,о
2802,налцо,и
2803,лстопад,е
2804,соприкснётесь,о
2805,рпутация,и
2806,клач,а
2807,гнеральный,е
2808,свтлеет,е
2809,озряете,а
2810,жвописный,е
2811,журвлиный,а
2812,швинизм,о
2813,опсать чувства,е
2814,рпертуар,и
2815,хрнология,а
2816,хреография,о
2817,ертик,е
2818,смена,е
2819,сенний,о
2820,предсдатель,е
2821,большое сло,е
2822,пскарь,е
2823,извещть,а
2824,утшительный,е
2825,негдяй,а
2826,утлить,о
2827,хорошй,и
2828,возграться,о
2829,голочка,е
2830,стльные мечи,а
2831,произрстающий,а
2832,тулет,о
2833,беспощдный,а
2834,рцензент,е
2835,судрога,а
2836,мираж,ы
2837,вырзительный,а
2838,трфарет,а
2839,ожвляются,и
2840,щвель,а
2841,мрафон,о
2842,бацлла,ы
2843,собру,и
2844,свдетель,и
2845,лазрет,а
2846,нардить,и
2847,плитра,а
2848,флмастер,о
2849,лдоход,е
2850,фнатик,а
2851,порслевой лес,о
2852,задржал,о
2853,закрпить,е
2854,шренга,е
2855,шрный,о
2856,аранжровщик,и
2857,ппаха,а
2858,рвносильная замена,а
2859,хоч,у
2860,вылжиться на полную,о
2861,оглнулась,я
2862,дагноз,и
2863,антгонизм,а
2864,плсунья,и
2865,свтофор,е
2866,покрить,о
2867,мачок,я
2868,втвистый,е
2869,оргинальный,и
2870,отрхнуть,я
2871,звроферма,е
2872,веслить,е
2873,отклк,и
2874,тщить,а
2875,озряться,а
2876,врю,а
2877,нрядить,а
2878,кфейный,о
2879,пнацея,а
2880,презнтабельный,е
2881,скзалось,а
2882,комдийное шоу,е
2883,биогрфичный,а
2884,процтировать,и
2885,лпной узор,е
2886,неполнопрвный,а
2887,создвать,а
2888,прдварительный,е
2889,гущ,а
2890,урвниловка,а
2891,плсунья,я
2892,встибюль,е
2893,Чковский,у
2894,мзоль,о
2895,ржиссёр,е
2896,вда,о
2897,внегрет,и
2898,об озрении,а
2899,с црквями,е
2900,рвновеликий,а
2901,в весеннем лсу,е
2902,клняться до земли,а
2903,грбной суп,и
2904,лричный,и
2905,сдло,е
2906,алым зрям,о
2907,крич,у
2908,приблжаться,и
2909,окслитель,и
2910,днастия,и
2911,послить,о
2912,улжить,о
2913,тлет,а
2914,у очга,а
2915,загревшись,о
2916,отлгать,а
2917,влчата,о
2918,предчвствие,у
2919,наклнить,о
2920,брьер,а
2921,мльберт,о
2922,дограющий,о
2923,несрвненный,а
2924,зговорщик,а
2925,руквичка,а
2926,члма,я
2927,еврпейский,о
2928,длитель,е
2929,невроятно,е
2930,агрном,о
2931,морские плты,о
2932,шна,и
2933,рдной,о
2934,шссе,о
2935,панино,и
2936,филсофия,о
2937,зврёк,е
2938,кчан,о
2939,зарстать,а
2940,заскчить,о
2941,тснота,е
2942,чс,а
2943,жмчужина,е
2944,кочн,а
2945,недочт,ё
2946,озримся,а
2947,фномен,е
2948,крпич,и
2949,гпербола,и
2950,целлфан,о
2951,кневодство,о
2952,дссонанс,и
2953,глубна,и
2954,приксаясь,а
2955,до пры до времени,о
2956,изрдка,е
2957,скндал,а
2958,жемчужна,и
2959,дкан,е
2960,возрстание,а
2961,инсцнировка,е
2962,племика,о
2963,мханик,е
2964,краснощкий,ё
2965,геналогия,е
2966,ворчть,а
2967,в нре,о
2968,тйник,а
2969,нвелла,о
2970,ассоцитивный,а
2971,птнистый,я
2972,фномен,и
2973,хлстина,о
2974,срвнивать,а
2975,акрбат,о
2976,кмета,о
2977,акробтистка,а
2978,ршето,е
2979,чйник,а
2980,бртаться,а
2981,кнцерт,о
2982,цстерна,и
2983,млейший,а
2984,рпейник,е
2985,выграющий,о
2986,смродина,о
2987,Чковский,у
2988,менджер,е
2989,воклист,а
2990,цлиндр,и
2991,брашек,а
2992,огрод,о
2993,хлбопашец,е
2994,влнистый,о
2995,тетрев,е
2996,озрив,а
2997,днамит,и
2998,прафин,а
2999,грдероб,а
3000,полжительный,о
3001,кчерыжка,о
3002,посвщённый,я
3003,зелноватый,е
3004,щекоч,у
3005,загрелся,о
3006,потрбитель,е
3007,бклажан,а
3008,обергать,е
3009,восхщаться,и
3010,кссета,а
3011,днвник,е
3012,ксаетесь,а
3013,стрноведение,а
3014,откзать,а
3015,печльный,а
3016,ствлы,о
3017,тблетка,а
3018,свя,о
3019,персонаж,и
3020,плсать,я
3021,Соборное улжение,о
3022,квычки,а
3023,рмень,е
3024,на дач,у
3025,бльница,о
3026,артллерист,и
3027,набрежная,е
3028,вакцна,и
3029,чртить,е
3030,рвесник,о
3031,похждение,о
3032,жнглёрство,о
3033,бседа,е
3034,кснёмся,о
3035,лбовой,о
3036,мешчек,о
3037,тгрёнок,и
3038,финнсировать,а
3039,обергать,и
3040,одноко,и
3041,импнировать,о
3042,вощной,о
3043,прископ,е
3044,запвал таблетку,и
3045,гзета,а
3046,лгенда,е
3047,грдероб,о
3048,влосатый,о
3049,чсто,а
3050,клокольчик,о
3051,оглвление,а
3052,всток,о
3053,дверять,о
3054,ворчн,у
3055,кмнепад,а
3056,длжны,о
3057,коллекцонер,и
3058,предрасполгаться,а
3059,спшить,е
3060,облниться,е
3061,плвучий,а
3062,накзание,а
3063,Боржми,о
3064,тртуар,о
3065,полощт,у
3066,озряешь,а
3067,гризонт,о
3068,смльчак,е
3069,цфровой,и
3070,прибрусь,е
3071,адвкат,о
3072,пейзжист,а
3073,срить,о
3074,взить,о
3075,увдал в окошко,е
3076,неприксновенные,о
3077,дждливый,о
3078,пунктуацонный,и
3079,пзировать,о
3080,крневище,о
3081,мтериал,а
3082,корбли,а
3083,печть,а
3084,федрация,е
3085,импнировать,о
3086,нтарный,я
3087,перечсление,и
3088,пдеж,а
3089,громный,о
3090,зык,я
3091,прикснутся,о
3092,мажр,о
3093,рстительноядный,а
3094,глубица,о
3095,грожанин,о
3096,вдхновение,о
3097,врваризм,а
3098,вдопой,о
3099,ягда,о
3100,залвать,и
3101,жнглирование,о
3102,снтиментальный,е
3103,прламутр,е
3104,рсистый,о
3105,четырёхслжный ямб,о
3106,пвец,е
3107,отрщивание,а
3108,белберда,и
3109,жнглировать,о
3110,песня дрзда,о
3111,шлковый,ё
3112,завить,я
3113,пбеда,о
3114,о зрюшках,о
3115,вчерний,е
3116,эвкуация,а
3117,оснвание,о
3118,рвняться,а
3119,прикснувшийся,о
3120,смлить,о
3121,хвстливый,а
3122,тжеловес,я
3123,ктёнок,о
3124,мсной,и
3125,наплить,и
3126,каланч,а
3127,лнтяй,е
3128,диалгичный,о
3129,прогрев,о
3130,развселиться,е
3131,доглдеть,я
3132,атрбут,и
3133,розовощкий,ё
3134,располжиться,о
3135,птно,я
3136,рман,о
3137,состзание,я
3138,рощи да лса,е
3139,артишк,о
3140,принцпиальный,и
3141,лыж,и
3142,дограл,о
3143,замечние,а
3144,валнки,е
3145,стлы,о
3146,соприкснись,о
3147,гревший,о
3148,вошл,ё
3149,поджг лист,ё
3150,посдеть от старости,е
3151,влокно,о
3152,чиж,и
3153,зактиться,а
3154,плянка,о
3155,лучезрность,а
3156,мдаль,е
3157,догрел,о
3158,рыжки,и
3159,излгаемый,а
3160,кснусь,о
3161,стира,а
3162,благан,а
3163,тргический,а
3164,урвнение,а
3165,кркливый,и
3166,жду врач,а
3167,дрзды,о
3168,втрушка,а
3169,росли в сду,а
3170,уш,и
3171,плить,и
3172,лпечет,е
3173,ощщение,у
3174,заинтрговать,и
3175,взмхнул,а
3176,дорожть,и
3177,влкла,е
3178,охлдить,а
3179,шпот,ё
3180,шлунья,а
3181,раздлить,е
3182,дебтировать,а
3183,сгодня,е
3184,чтверг,е
3185,транжра,и
3186,шкфы́,а
3187,вгетарианец,е
3188,урвновешенный,а
3189,тнцовщик,а
3190,ввзить,о
3191,кувшнка,и
3192,на нгах,о
3193,нивлировать,е
3194,ждкий,и
3195,нервность поверхности,о
3196,замлчать,о
3197,прпарат,е
3198,ромнтичный,а
3199,бтон,и
3200,пушнка,и
3201,тргический,о
3202,соприксаюсь,а
3203,пшнный,ё
3204,слевар,о
3205,принсить,о
3206,анхронизм,а
3207,кстрюля,а
3208,резрвировать,е
3209,наслдиться,а
3210,бжала,е
3211,вымкли,о
3212,држал,е
3213,капуцн,и
3214,бдолага,е
3215,чканить,е
3216,соприкснуться,о
3217,подконник,о
3218,жвёт,и
3219,аристокртизм,а
3220,намчи полотенце,о
3221,бтон,и
3222,подшрсток,ё
3223,зрницами,а
3224,земляные влы,а
3225,ркета,а
3226,рскошный,о
3227,птарда,е
3228,вымкли,а
3229,скчать фильм,а
3230,фолетовый,и
3231,бадмнтон,и
3232,обвнение,и
3233,журчть,а
3234,рестр,е
3235,ситутивный,а
3236,млоток,о
3237,слнёнок,о
3238,обграть,о
3239,релист,а
3240,пищть,а
3241,тлефон,е
3242,детская площдка,а
3243,освобдиться,о
3244,стрна,а
3245,датчнин,а
3246,грелый,о
3247,чвство,у
3248,детская площдка,я
3249,адаптацонный,и
3250,жтель,и
3251,ксмодром,о
3252,фнтом,а
3253,пролжить путь,о
3254,поклниться,о
3255,внозная кровь,е
3256,мтель,е
3257,опавше листья,и
3258,псатель,и
3259,засвстал,и
3260,отлчать,и
3261,мнжет,а
3262,рферент,е
3263,баклжан,а
3264,луж,и
3265,лловый,и
3266,среди трвы,а
3267,мршировать,а
3268,плотно,о
3269,чиж,ы
3270,обгревший,о
3271,тхонько,и
3272,мнжет,о
3273,в жру́,а
3274,абнент,о
3275,крмушка,о
3276,фстиваль,е
3277,девчка,о
3278,мкрота,о
3279,фолетовый,е
3280,неприксновенно,о
3281,плвущий,ы
3282,змлянка,е
3283,эмнсипация,а
3284,футбольные мчи,я
3285,кстяной,о
3286,выгревший,о
3287,одбрение,о
3288,вырвнивание,а
3289,пчла,е
3290,грза,о
3291,перелжить,о
3292,гнеалогия,е
3293,почрк,е
3294,мозжечк,о
3295,двры,о
3296,вознагрдить,а
3297,перескзать,а
3298,блохвостая,е
3299,поснеть,и
3300,экстравгантный,а
3301,пртьера,о
3302,развлчение,е
3303,одколон,е
3304,изоляцонный,и
3305,рзьба,е
3306,до осни,е
3307,возграние,о
3308,стда,а
3309,акврель,а
3310,жкей,о
3311,на дврях,е
3312,прорсли,о
3313,мдицина,е
3314,прикснись,о
3315,пмада,о
3316,синое гнездо,о
3317,чмпион,е
3318,вшнёвый,и
3319,включть,а
3320,угощ,у
3321,джнсы,и
3322,рвнение направо,а
3323,живпись,о
3324,кникулы,а
3325,сринка,о
3326,полжиться,о
3327,пссимизм,е
3328,манкен,е
3329,шмпол,о
3330,озривший,а
3331,чудковатый,а
3332,цнтральный,е
3333,нциональность,а
3334,экзамн,е
3335,сгрел,о
3336,плщадка,о
3337,стрла,е
3338,ушл,ё
3339,по щчьему веленью,у
3340,чсловой,и
3341,сграние,о
3342,произрсли,о
3343,дрва,о
3344,пвучий,е
3345,дкольте,е
3346,жстяной,е
3347,чтьё,у
3348,рвнение направо,о
3349,зрницы,а
3350,палсадник,и
3351,нашл,ё
3352,озряясь,а
3353,вчереет,е
3354,смла,о
3355,осчстливить,а
3356,заблеть,о
3357,ксательно,а
3358,бордатый,о
3359,снитар,а
3360,эвклипт,а
3361,закружться,и
3362,золотое кльцо,о
3363,строч,у
3364,срвниваться,а
3365,импзантный,о
3366,нволуние,о
3367,сошл,ё
3368,капиталовлжение,о
3369,любоваться зреньками,о
3370,члок,у
3371,ассртимент,о
3372,завсть,и
3373,расшрение,и
3374,бльшие глаза,о
3375,понер,и
3376,дрва,а
3377,воспление,а
3378,вранда,е
3379,разрстание,а
3380,бролин,и
3381,снежнка,и
3382,экскватор,а
3383,милицонер,и
3384,жвот,и
3385,лмон,и
3386,капиталовлжение,а
3387,сгревший,о
3388,затжной дождь,и
3389,имтация,и
3390,авасалон,и
3391,футблист,о
3392,зёрна для клстов,е
3393,распоржение,я
3394,обрзать,е
3395,програние,о
3396,амбциозный,и
3397,покрвительство,о
3398,общежтие,и
3399,пищ,а
3400,жваный,ё
3401,разгревшись,о
3402,ищ,у
3403,тория,е
3404,хотический,а
3405,блоснежный,е
3406,дловой,е
3407,лебдиный,е
3408,тмперамент,е
3409,летняя жра,а
3410,приксаемый,а
3411,мэстро,а
3412,жвать,е
3413,ферия,е
3414,полжиться,о
3415,процвтание,е
3416,нервномерный,а
3417,ктивный,а
3418,грбинка,о
3419,недорсль,о
3420,релгиозный,и
3421,актвация,и
3422,простня,ы
3423,зарсли поля,о
3424,тматика,е
3425,уклняться,о
3426,срвнение,а
3427,грючесть,о
3428,хлпотать,о
3429,цпляться,е
3430,раздвгать,и
0,аквланг,а
0,огранчение,и
0,грамта,о
0,перерсла,о
0,подлжить,о
0,дровитый,а
0,бтон,а
0,рчок,а
0,выгрелый,о
0,тплицы,е
0,сополжение,о
0,шзофрения,и
0,лзоревый,а
0,фольклрист,о
0,излжить,о
0,стлактит,а
0,шкарный,и
0,возржать,а
0,соприксновение,о
0,чстовик,и
0,подзмелье,е
0,машнист,и
0,бнан,а
0,предствлять,а
0,корб,о
0,лсичка,и
0,трнспорт,а
0,вдал,и
0,шрстный,ё
0,стритель,о
0,чрт,ё
0,нсу,е
0,рка,е
0,сревнование,о
0,крдинальный,а
0,неустршимый,а
0,ляльный,о
0,озрением,а
0,схарок,а
0,залжение склона,о
0,отщлкать,ё
0,влейбол,о
0,угреть,о
0,тлкование,о
0,диссдентский,и
0,корб,а
0,грой,е
0,фера,а
0,шрстный,ё
0,зац,я
0,клье,о
0,баклавр,а
0,грдиться,о
0,вёс,о
0,жмолость,и
0,глосок,о
0,великовозрстный,а
0,слить пищу,о
0,кридор,о
0,дидема,а
0,млиновый,а
0,блигация,о
0,декльте,о
0,рса на траве,о
0,разрушть,и
0,располжение,о
0,отрслевой,а
0,втерок,е
0,зац,и
0,полмический,е
0,мршрут,а
0,подрсла,о
0,зрница,а
0,озрятся,а
0,пмощник,о
0,лгушка,я
0,дружнник,и
0,прирщиваться,а
0,пелрина,е
0,хворст,о
0,аллгоричный,е
0,крюшн,о
0,спсибо,а
